{"loss": [1.0725332498550415, 0.33769381046295166, 0.190382719039917, 0.12826184928417206, 0.09846457093954086, 0.07394789904356003, 0.06737685203552246, 0.05511455610394478, 0.050966981798410416, 0.04277871921658516], "accuracy": [0.6847712993621826, 0.8922398686408997, 0.9371790289878845, 0.9583753943443298, 0.9672664999961853, 0.9753751754760742, 0.9781776666641235, 0.9815349578857422, 0.9827014803886414, 0.9862009882926941], "val_loss": [0.3920087218284607, 0.2303648442029953, 0.19836805760860443, 0.22868873178958893, 0.14990824460983276, 0.1851947009563446, 0.1327262669801712, 0.13937224447727203, 0.11760850995779037, 0.14855404198169708], "val_accuracy": [0.8765649795532227, 0.9274982810020447, 0.9351809620857239, 0.9295470118522644, 0.9547006487846375, 0.9473594427108765, 0.9617573618888855, 0.9609037041664124, 0.9661393165588379, 0.9549282789230347]}